{
    "score": 0.6682964833421527,
    "results": {
        "contradiction": {
            "precision": 0.6560509554140127,
            "recall": 0.7317939609236235,
            "f1-score": 0.691855583543241,
            "support": 563
        },
        "entailment": {
            "precision": 0.6674008810572687,
            "recall": 0.6392405063291139,
            "f1-score": 0.6530172413793104,
            "support": 474
        },
        "neutral": {
            "precision": 0.6856649395509499,
            "recall": 0.6362179487179487,
            "f1-score": 0.6600166251039069,
            "support": 624
        },
        "accuracy": 0.6694762191450934,
        "macro avg": {
            "precision": 0.6697055920074105,
            "recall": 0.6690841386568952,
            "f1-score": 0.6682964833421527,
            "support": 1661
        },
        "weighted avg": {
            "precision": 0.6704151883197033,
            "recall": 0.6694762191450934,
            "f1-score": 0.6688111017540492,
            "support": 1661
        }
    },
    "predictions": [
        2,
        2,
        0,
        0,
        0,
        2,
        1,
        1,
        2,
        0,
        2,
        2,
        1,
        0,
        0,
        1,
        0,
        0,
        0,
        0,
        2,
        0,
        0,
        2,
        1,
        1,
        0,
        1,
        0,
        0,
        0,
        0,
        1,
        0,
        0,
        0,
        0,
        0,
        0,
        0,
        1,
        1,
        0,
        0,
        1,
        2,
        1,
        1,
        2,
        2,
        2,
        2,
        2,
        2,
        0,
        2,
        1,
        0,
        0,
        1,
        2,
        2,
        2,
        2,
        1,
        0,
        0,
        0,
        0,
        0,
        0,
        1,
        1,
        0,
        0,
        1,
        1,
        2,
        2,
        1,
        1,
        0,
        0,
        1,
        1,
        1,
        0,
        1,
        0,
        0,
        1,
        1,
        2,
        2,
        0,
        2,
        1,
        1,
        1,
        2,
        2,
        2,
        0,
        2,
        1,
        0,
        0,
        1,
        2,
        2,
        2,
        0,
        0,
        0,
        1,
        1,
        0,
        0,
        0,
        0,
        2,
        1,
        2,
        2,
        0,
        2,
        1,
        1,
        0,
        1,
        1,
        1,
        0,
        0,
        0,
        0,
        2,
        2,
        0,
        0,
        1,
        1,
        1,
        0,
        0,
        1,
        1,
        1,
        2,
        1,
        1,
        1,
        0,
        1,
        2,
        0,
        1,
        1,
        1,
        1,
        1,
        0,
        0,
        1,
        0,
        0,
        1,
        1,
        1,
        0,
        0,
        1,
        1,
        0,
        0,
        1,
        2,
        2,
        2,
        2,
        1,
        0,
        0,
        1,
        2,
        2,
        2,
        1,
        0,
        2,
        2,
        2,
        2,
        0,
        2,
        2,
        2,
        2,
        0,
        2,
        2,
        2,
        2,
        2,
        2,
        0,
        2,
        2,
        0,
        2,
        0,
        0,
        0,
        2,
        1,
        0,
        0,
        1,
        1,
        1,
        0,
        0,
        2,
        2,
        2,
        2,
        2,
        0,
        2,
        2,
        2,
        2,
        0,
        0,
        1,
        1,
        0,
        0,
        2,
        0,
        0,
        1,
        0,
        1,
        1,
        0,
        0,
        2,
        2,
        1,
        1,
        0,
        0,
        1,
        0,
        1,
        1,
        1,
        0,
        1,
        2,
        2,
        2,
        2,
        2,
        2,
        0,
        2,
        0,
        0,
        0,
        0,
        1,
        0,
        0,
        1,
        1,
        0,
        0,
        1,
        1,
        1,
        0,
        1,
        1,
        0,
        0,
        1,
        1,
        0,
        2,
        0,
        2,
        2,
        0,
        0,
        2,
        0,
        2,
        2,
        0,
        2,
        2,
        2,
        1,
        0,
        2,
        0,
        2,
        1,
        1,
        0,
        1,
        1,
        1,
        1,
        1,
        1,
        2,
        2,
        2,
        2,
        0,
        0,
        2,
        2,
        2,
        2,
        2,
        2,
        2,
        2,
        1,
        0,
        0,
        1,
        0,
        1,
        2,
        2,
        0,
        2,
        1,
        1,
        0,
        0,
        2,
        1,
        2,
        2,
        2,
        2,
        2,
        0,
        2,
        2,
        2,
        2,
        0,
        0,
        2,
        2,
        2,
        2,
        2,
        2,
        2,
        2,
        2,
        2,
        1,
        0,
        0,
        0,
        0,
        0,
        2,
        0,
        1,
        0,
        0,
        1,
        2,
        1,
        0,
        2,
        2,
        2,
        1,
        0,
        1,
        1,
        1,
        1,
        2,
        0,
        0,
        1,
        0,
        0,
        1,
        1,
        1,
        0,
        0,
        1,
        1,
        0,
        0,
        1,
        1,
        0,
        0,
        1,
        2,
        2,
        2,
        2,
        1,
        0,
        0,
        1,
        0,
        2,
        1,
        1,
        2,
        2,
        2,
        2,
        0,
        0,
        0,
        1,
        2,
        2,
        2,
        1,
        1,
        0,
        0,
        1,
        1,
        1,
        0,
        1,
        2,
        0,
        1,
        0,
        0,
        1,
        0,
        0,
        2,
        2,
        1,
        0,
        1,
        0,
        0,
        1,
        2,
        0,
        0,
        2,
        0,
        0,
        2,
        0,
        0,
        0,
        0,
        1,
        0,
        0,
        0,
        0,
        1,
        1,
        0,
        1,
        1,
        0,
        0,
        0,
        1,
        0,
        1,
        1,
        1,
        0,
        0,
        0,
        0,
        0,
        0,
        0,
        1,
        0,
        0,
        2,
        2,
        0,
        0,
        1,
        1,
        0,
        0,
        0,
        1,
        1,
        1,
        0,
        0,
        1,
        1,
        2,
        2,
        2,
        2,
        2,
        2,
        0,
        2,
        1,
        0,
        0,
        1,
        2,
        2,
        0,
        1,
        1,
        0,
        1,
        0,
        1,
        1,
        0,
        1,
        2,
        0,
        0,
        2,
        1,
        0,
        2,
        0,
        0,
        2,
        2,
        2,
        2,
        2,
        1,
        0,
        0,
        1,
        2,
        2,
        2,
        2,
        2,
        0,
        0,
        2,
        1,
        0,
        0,
        1,
        0,
        0,
        2,
        2,
        1,
        0,
        1,
        0,
        0,
        1,
        2,
        2,
        2,
        2,
        2,
        2,
        2,
        2,
        1,
        0,
        2,
        2,
        0,
        2,
        1,
        0,
        0,
        1,
        0,
        0,
        0,
        2,
        0,
        0,
        0,
        1,
        1,
        0,
        0,
        1,
        1,
        0,
        0,
        1,
        2,
        2,
        2,
        2,
        0,
        2,
        1,
        1,
        1,
        0,
        0,
        1,
        1,
