{
    "score": 0.6418813704802355,
    "results": {
        "contradiction": {
            "precision": 0.7453416149068323,
            "recall": 0.7007299270072993,
            "f1-score": 0.7223476297968396,
            "support": 685
        },
        "entailment": {
            "precision": 0.6687116564417178,
            "recall": 0.6,
            "f1-score": 0.632495164410058,
            "support": 545
        },
        "neutral": {
            "precision": 0.5158730158730159,
            "recall": 0.6388206388206388,
            "f1-score": 0.5708013172338089,
            "support": 407
        },
        "accuracy": 0.6518020769700672,
        "macro avg": {
            "precision": 0.6433087624071887,
            "recall": 0.6465168552759794,
            "f1-score": 0.6418813704802355,
            "support": 1637
        },
        "weighted avg": {
            "precision": 0.662777749805885,
            "recall": 0.6518020769700672,
            "f1-score": 0.6547551173662046,
            "support": 1637
        }
    },
    "predictions": [
        0,
        1,
        0,
        1,
        1,
        1,
        0,
        1,
        2,
        2,
        0,
        1,
        1,
        1,
        2,
        2,
        0,
        1,
        1,
        1,
        2,
        2,
        0,
        1,
        0,
        0,
        0,
        0,
        2,
        0,
        0,
        1,
        0,
        1,
        1,
        1,
        1,
        2,
        2,
        1,
        0,
        1,
        1,
        0,
        1,
        2,
        2,
        0,
        0,
        2,
        2,
        2,
        2,
        0,
        0,
        2,
        2,
        2,
        2,
        1,
        2,
        2,
        0,
        2,
        2,
        2,
        0,
        0,
        2,
        2,
        1,
        1,
        0,
        0,
        0,
        1,
        1,
        0,
        0,
        2,
        2,
        0,
        1,
        2,
        2,
        2,
        1,
        0,
        1,
        0,
        0,
        2,
        0,
        2,
        2,
        2,
        2,
        2,
        2,
        2,
        1,
        1,
        0,
        1,
        0,
        1,
        0,
        1,
        0,
        0,
        0,
        2,
        0,
        0,
        1,
        1,
        1,
        0,
        0,
        0,
        1,
        0,
        0,
        1,
        0,
        1,
        0,
        1,
        0,
        1,
        0,
        2,
        0,
        0,
        0,
        1,
        0,
        1,
        1,
        1,
        1,
        1,
        0,
        0,
        0,
        0,
        0,
        1,
        0,
        1,
        0,
        0,
        2,
        0,
        1,
        0,
        1,
        0,
        1,
        0,
        2,
        0,
        1,
        0,
        2,
        2,
        2,
        0,
        1,
        2,
        2,
        2,
        1,
        0,
        1,
        0,
        0,
        0,
        0,
        2,
        2,
        0,
        2,
        2,
        1,
        2,
        0,
        1,
        1,
        0,
        0,
        1,
        0,
        0,
        0,
        0,
        0,
        0,
        2,
        2,
        0,
        1,
        0,
        2,
        1,
        1,
        0,
        1,
        0,
        2,
        2,
        1,
        2,
        2,
        2,
        2,
        2,
        2,
        2,
        2,
        1,
        1,
        2,
        0,
        1,
        1,
        2,
        2,
        0,
        1,
        0,
        1,
        0,
        0,
        0,
        2,
        2,
        0,
        0,
        1,
        2,
        2,
        0,
        1,
        0,
        1,
        2,
        2,
        0,
        2,
        0,
        2,
        0,
        0,
        0,
        1,
        0,
        2,
        0,
        2,
        0,
        1,
        0,
        1,
        2,
        0,
        2,
        2,
        2,
        0,
        1,
        1,
        0,
        0,
        2,
        2,
        2,
        2,
        0,
        1,
        0,
        0,
        2,
        0,
        0,
        0,
        2,
        2,
        2,
        1,
        0,
        0,
        2,
        2,
        1,
        0,
        0,
        0,
        0,
        2,
        0,
        0,
        2,
        0,
        0,
        0,
        2,
        1,
        1,
        2,
        2,
        1,
        1,
        0,
        1,
        2,
        2,
        1,
        0,
        2,
        2,
        2,
        2,
        0,
        1,
        1,
        0,
        0,
        1,
        2,
        2,
        0,
        0,
        2,
        0,
        2,
        1,
        0,
        0,
        0,
        1,
        0,
        1,
        0,
        0,
        1,
        2,
        1,
        0,
        1,
        0,
        2,
        0,
        1,
        2,
        1,
        0,
        1,
        0,
        0,
        2,
        1,
        2,
        2,
        2,
        2,
        0,
        2,
        2,
        2,
        0,
        1,
        0,
        0,
        0,
        0,
        0,
        1,
        2,
        2,
        0,
        1,
        0,
        1,
        0,
        1,
        2,
        2,
        2,
        1,
        1,
        2,
        2,
        2,
        1,
        0,
        0,
        0,
        1,
        1,
        1,
        2,
        0,
        0,
        1,
        1,
        2,
        0,
        2,
        0,
        1,
        0,
        1,
        0,
        1,
        0,
        0,
        0,
        0,
        0,
        1,
        1,
        1,
        1,
        1,
        2,
        0,
        1,
        2,
        0,
        0,
        1,
        0,
        1,
        0,
        1,
        0,
        1,
        1,
        1,
        2,
        2,
        2,
        2,
        0,
        0,
        1,
        0,
        1,
        2,
        2,
        0,
        1,
        2,
        0,
        0,
        1,
        2,
        2,
        0,
        2,
        0,
        1,
        0,
        1,
        0,
        1,
        2,
        2,
        0,
        0,
        2,
        1,
        2,
        2,
        0,
        1,
        1,
        2,
        0,
        2,
        0,
        2,
        0,
        1,
        0,
        1,
        1,
        0,
        0,
        0,
        0,
        2,
        2,
        0,
        1,
        2,
        2,
        0,
        2,
        0,
        1,
        1,
        0,
        2,
        2,
        2,
        1,
        1,
        0,
        0,
        0,
        0,
        1,
        0,
        1,
        0,
        1,
        0,
        1,
        0,
        1,
        2,
        2,
        0,
        1,
        0,
        2,
        0,
        2,
        2,
        2,
        0,
        1,
        2,
        1,
        0,
        2,
        2,
        0,
        2,
        1,
        0,
        0,
        0,
        2,
        0,
        0,
        1,
        0,
        0,
        0,
        0,
        0,
        1,
        1,
        1,
        0,
        1,
        2,
        0,
        0,
        1,
        0,
        0,
        0,
        0,
        0,
        1,
        0,
        2,
        2,
        2,
        0,
        1,
        0,
        1,
        0,
        2,
        0,
        1,
        1,
        0,
        1,
        1,
        1,
        0,
        1,
        0,
        1,
        1,
        0,
        0,
        1,
        1,
        1,
        1,
        0,
        1,
        2,
        0,
        0,
        1,
        0,
        0,
        0,
        1,
        0,
        0,
        2,
        2,
        1,
        1,
        2,
        2,
        2,
        0,
        1,
        2,
        2,
        0,
        1,
        1,
        1,
        0,
        0,
        0,
        1,
        1,
        0,
