{
    "score": 0.6961000962635308,
    "results": {
        "contradiction": {
            "precision": 0.7729323308270677,
            "recall": 0.7740963855421686,
            "f1-score": 0.7735139202407826,
            "support": 664
        },
        "entailment": {
            "precision": 0.6854460093896714,
            "recall": 0.6606334841628959,
            "f1-score": 0.6728110599078341,
            "support": 442
        },
        "neutral": {
            "precision": 0.6313465783664459,
            "recall": 0.6529680365296804,
            "f1-score": 0.6419753086419754,
            "support": 438
        },
        "accuracy": 0.7072538860103627,
        "macro avg": {
            "precision": 0.6965749728610616,
            "recall": 0.6958993020782483,
            "f1-score": 0.6961000962635308,
            "support": 1544
        },
        "weighted avg": {
            "precision": 0.7077228012590097,
            "recall": 0.7072538860103627,
            "f1-score": 0.7073710600416628,
            "support": 1544
        }
    },
    "predictions": [
        0,
        1,
        0,
        1,
        2,
        2,
        0,
        1,
        0,
        2,
        2,
        2,
        0,
        1,
        0,
        2,
        2,
        2,
        0,
        0,
        1,
        0,
        0,
        0,
        0,
        2,
        0,
        1,
        0,
        1,
        0,
        2,
        0,
        0,
        0,
        1,
        1,
        1,
        1,
        2,
        2,
        1,
        1,
        0,
        2,
        0,
        1,
        0,
        0,
        2,
        2,
        0,
        0,
        0,
        0,
        2,
        2,
        2,
        2,
        1,
        0,
        0,
        1,
        1,
        2,
        2,
        0,
        1,
        0,
        1,
        0,
        2,
        1,
        0,
        0,
        2,
        2,
        2,
        2,
        0,
        2,
        2,
        2,
        0,
        1,
        0,
        0,
        2,
        2,
        0,
        2,
        2,
        2,
        2,
        0,
        1,
        0,
        1,
        0,
        1,
        0,
        1,
        0,
        1,
        0,
        1,
        2,
        2,
        1,
        0,
        0,
        0,
        2,
        2,
        0,
        1,
        0,
        1,
        0,
        0,
        0,
        1,
        0,
        2,
        2,
        2,
        2,
        0,
        0,
        0,
        0,
        1,
        1,
        1,
        2,
        0,
        0,
        0,
        1,
        0,
        1,
        1,
        1,
        0,
        2,
        0,
        1,
        2,
        1,
        0,
        2,
        2,
        0,
        0,
        1,
        2,
        2,
        0,
        0,
        0,
        0,
        0,
        0,
        1,
        0,
        0,
        2,
        2,
        2,
        2,
        1,
        1,
        0,
        1,
        2,
        2,
        0,
        0,
        0,
        0,
        0,
        2,
        0,
        1,
        0,
        1,
        1,
        0,
        0,
        1,
        0,
        1,
        0,
        1,
        0,
        2,
        2,
        2,
        2,
        2,
        2,
        2,
        0,
        0,
        2,
        0,
        2,
        2,
        2,
        2,
        2,
        0,
        0,
        2,
        0,
        0,
        2,
        1,
        0,
        0,
        0,
        1,
        2,
        2,
        0,
        0,
        2,
        0,
        2,
        2,
        2,
        0,
        2,
        0,
        1,
        1,
        1,
        1,
        0,
        0,
        0,
        0,
        2,
        0,
        0,
        1,
        1,
        0,
        1,
        2,
        2,
        0,
        0,
        1,
        0,
        0,
        0,
        1,
        2,
        2,
        0,
        1,
        0,
        0,
        0,
        2,
        2,
        1,
        1,
        0,
        0,
        1,
        0,
        0,
        2,
        2,
        0,
        1,
        1,
        1,
        0,
        1,
        1,
        1,
        2,
        2,
        2,
        2,
        0,
        1,
        0,
        1,
        0,
        1,
        0,
        2,
        2,
        2,
        0,
        0,
        0,
        0,
        0,
        0,
        1,
        2,
        0,
        0,
        1,
        0,
        0,
        0,
        1,
        0,
        1,
        0,
        0,
        1,
        0,
        1,
        0,
        2,
        0,
        0,
        0,
        1,
        0,
        2,
        0,
        2,
        1,
        1,
        0,
        1,
        2,
        2,
        0,
        1,
        0,
        1,
        0,
        1,
        2,
        2,
        0,
        0,
        0,
        1,
        2,
        0,
        0,
        1,
        1,
        2,
        2,
        0,
        1,
        2,
        2,
        0,
        0,
        1,
        1,
        2,
        2,
        0,
        1,
        0,
        0,
        0,
        1,
        0,
        0,
        1,
        0,
        1,
        0,
        1,
        0,
        1,
        2,
        0,
        0,
        0,
        1,
        1,
        1,
        2,
        0,
        0,
        0,
        0,
        0,
        1,
        0,
        1,
        1,
        1,
        0,
        0,
        1,
        1,
        1,
        2,
        2,
        2,
        2,
        0,
        1,
        0,
        1,
        2,
        2,
        0,
        1,
        2,
        0,
        0,
        1,
        0,
        2,
        0,
        1,
        0,
        1,
        0,
        0,
        0,
        0,
        1,
        0,
        0,
        0,
        1,
        1,
        1,
        0,
        1,
        0,
        0,
        0,
        0,
        1,
        0,
        1,
        2,
        0,
        0,
        0,
        2,
        1,
        2,
        0,
        1,
        0,
        1,
        2,
        2,
        2,
        0,
        1,
        1,
        0,
        1,
        1,
        0,
        1,
        0,
        1,
        0,
        0,
        1,
        0,
        1,
        0,
        1,
        0,
        1,
        0,
        1,
        0,
        2,
        0,
        1,
        0,
        2,
        0,
        1,
        2,
        0,
        0,
        0,
        1,
        0,
        1,
        1,
        0,
        0,
        2,
        0,
        0,
        0,
        1,
        0,
        0,
        1,
        2,
        2,
        1,
        1,
        0,
        0,
        0,
        2,
        2,
        2,
        0,
        1,
        0,
        2,
        0,
        0,
        0,
        1,
        2,
        2,
        0,
        1,
        0,
        1,
        2,
        2,
        0,
        2,
        0,
        2,
        0,
        2,
        0,
        2,
        0,
        1,
        1,
        0,
        2,
        2,
        0,
        1,
        0,
        1,
        1,
        0,
        0,
        2,
        2,
        1,
        1,
        2,
        0,
        0,
        1,
        0,
        0,
        1,
        0,
        0,
        0,
        0,
        2,
        2,
        2,
        2,
        2,
        2,
        2,
        0,
        1,
        0,
        0,
        0,
        2,
        1,
        0,
        0,
        0,
        2,
        2,
        2,
        0,
        2,
        0,
        2,
        2,
        2,
        0,
        1,
        0,
        1,
        0,
        1,
        0,
        1,
        0,
        1,
        0,
        0,
        1,
        0,
        0,
        0,
        0,
        1,
        1,
        1,
        0,
        1,
        2,
        2,
        0,
        1,
        0,
        0,
        2,
        2,
        0,
        1,
        0,
        2,
